王宪杰,"Wang, Xianjie"
None,"Wei, Dongping"
None,"Zhou, He"
None,"Chen, Hong"
None,"Zhao, Genfu"
None,"Wang, Yuan-Bing"
None,"Zheng, Zemin"
None,"Yang, Lijun"
胡靖扬,"Hu, Jing-Yang"
None,"Qiao, Mengfei"
None,"Lyu, Jun"
None,"Wang, Yingcheng"
None,"Zhang, Chaoxiong"
罗静,"Luo, Jing"
None,"Tao, Rao"
None,"Chen, Mingxin"
None,"Feng, Li"
None,"Jiang, Liang"
None,"Luo, Kaixiu"
None,"Qi, Jun"
None,"Tao, Rao"
冯卓,"Feng, Zhuo"
None,"Zhang, Shuang"
None,"Du, Kun-sheng"
None,"Wu, Yumeng"
None,"Pan, Jinjing"
张涛,"Zhang, Tao"
刘宇,"Liu, Yu"
None,"Howard, Richard J"
None,"Qian, Xingcan"
None,"Yang, Yue"
潘瑛,"Pan, Ying"
None,"Yang, Ziheng"
常军军,"Chang, Junjun"
None,"Xiang, Qian-Qian"
尹秋媛,"Yin, Qiuyuan"
None,"Kong, Lingbin"
陈黎,"Chen, Li"
None,"Muhammad, Sher"
None,"Chen, Lin"
彭智利,"Peng, Zhili"
彭智利,"Peng, Zhili"
梁康江,"Liang, Kangjiang"
None,"Liu, Zhengfen"
梁康江,"Liang, Kangjiang"
None,"Zha, Meng"
None,"Li, Jianqiu"
None,"Ji, Bohua"
何飞飞,"He, Feifei"
赵永贵,"Zhao, Yonggui"
None,"Gong, Yingzeng"
None,"Liu, Meng"
None,"Deng, Weisheng"
None,"Wang, Zanxin"
None,"Zhang, Yanlin"
None,"Zhou, Shiqiang"
None,"Yang, Zhenxin"
None,"Cheng, Fang"
None,"Zhang, Yuhao"
邱锋,"Qiu, Feng"
None,"Zhao, Jianhong"
None,"Yu, Lei-Ming"
黄样,"Huang, Yang"
田志佳,"Tian, Zhijia"
None,"Zhang, Chao"
None,"Li, Shengjian"
None,"Xiang, Qian-Qian"
None,"Zhang, G S"
刘嫦娥,"Liu, Change"
None,"Huang, Jingxin"
None,"Zhang, Jilai"
None,"Jiang, Hao"
武浩,"Wu, Hao"
岳昆,"Yue, Kun"
None,"Qin, Shaowei"
季四平,"Ji, Siping"
None,"Wang, Yong"
None,"Ji, Chunyu"
None,"Wu, Ying"
None,"Shan, Zhao"
None,"Hu, Jicu"
None,"Li, Cheng"
None,"Xu, Hanbin"
None,"Yang, Yue"
杨元培,"Yang, Yuan-Pei"
杨元培,"Yang, Yuan-Pei"
张鹏飞,"Zhang, Peng-fei"
汪健,"Wang, Jian"
汪健,"Wang, Jian"
None,"Zhang, Deling"
None,"Fan, Wenwen"
None,"Tang, Nian"
张骥先,"Zhang, Jixian"
None,"Wan, Lingling"
None,"Zhang, Jilai"
陈红梅,"Chen, Hongmei"
None,"Fu, Jian"
None,"Li, Jin"
None,"Lu, Qingjie"
None,"Liu, Tingting"
None,"Lu, Qingjie"
何小虎,"He, Xiaohu"
None,"Dai, Yongdong"
马怡诚,"Ma, Yi-Cheng"
None,"Zheng, Ming"
None,"Peng, Bo"
None,"Jiang, Qian"
王俊,"Wang, Jun"
None,"Gao, Junbo"
None,"Gao, Tianyu"
None,"Wang, Xia"
黄强,"Huang, Qiang"
None,"Li, Huiyong"
None,"Tan, Shirui"
None,"Lu, Qiuxiang"
None,"Lu, Qiuxiang"
None,"Wang, Zidong"
None,"Arunkumar, T"
None,"Zhu, Kaijun"
None,"Li, Huani"
钱昱,"Qian, Yu"
None,"Li, Shengjian"
None,"Zhou, Xiong-Li"
None,"Li, Yujing"
王兴红,"Wang, Xing-Hong"
None,"Sang, Lei"
罗开珺,"Luo, Kai-Jun"
None,"Liu, Zong"
None,"Yu, Le"
None,"Wang, Yongxing"
None,"Li, Dong"
张从海,"Zhang, Cong-Hai"
None,"Qing, Xia"
潘志强,"Pan, Zhiqiang"
None,"Lu, Qiuxiang"
None,"Zhang, Ruilin"
None,"Li, Shengjian"
None,"Fang, Wenzhong"
None,"Bai, Lu"
None,"Wang, Bang-Yan"
None,"Ji, Xinglai"
None,"Zhu, Man"
None,"Wang, Yanzai"
None,"Zhao, Xinbo"
None,"Li, Yan'ge"
None,"Wang, Bei"
邓玉华,"Deng, Yu-Hua"
None,"Li, Kun"
None,"Shi, Qiang-Qiang"
李涛,"Li, Tao"
潘志强,"Pan, Zhiqiang"
None,"Chen, Peng"
武瑞东,"Wu, Ruidong"
None,"Zhang, Lu"
丁磊,"Ding, Lei"
李灿鹏,"Li, Can-Peng"
金鑫,"Jin, Xin"
None,"Wang, H-F"
None,"Peng, Qiyong"
杨元培,"Yang, Yuan-Pei"
None,"Li, X -Y"
张鹏飞,"Zhang, Peng-fei"
None,"Wang, H -F"
刘瑾,"Liu, Jin"
尔欣中,"Er, Xinzhong"
李广兴,"Li, Guang-Xing"
None,"Sun, W -X"
刘瑾,"Liu, Jin"
None,"Geng, Xiongfei"
刘萍,"Liu, Ping"
王静,"Wang, Jing"
None,"Tian, Xun"
None,"Li, Yu"
肖雪春,"Xiao, Xuechun"
张颖,"Zhang, Ying"
刘军钟,"Liu, Junzhong"
黄立钰,"Huang, Liyu"
田立德,"Tian, Lide"
None,"Wu, Kunpeng"
None,"Guo, Yanbu"
李永昆,"Li, Yongkun"
李永昆,"Li, Yongkun"
刘海英,"Liu, Haiying"
刘飞虎,"Liu, Fei-Hu"
None,"Xie, Meihua"
张颖,"Zhang, Ying"
刘通,"Liu, Tong"
None,"Zhou, Duanxu"
None,"Xiang, Jiyun"
None,"Guo, Yanbu"
None,"Di, Sun"
None,"Shen, Mi"
None,"Lang, Xun"
None,"Ji, Xinglai"
None,"Luo, Kai"
None,"Zi, Baoye"
None,"Yang, Shaoxiong"
None,"Jiao, Yang"
None,"Liu, Lijun"
None,"Zeng, Xiuhua"
何俊,"He, Jun"
付登高,"Fu, Denggao"
None,"Luo, Shaolei"
季漩,"Ji, Xuan"
陈峰,"Chen, Feng"
董成军,"Dong, Chengjun"
None,"Zhao, Rongjun"
朱静,"Zhu, Jing"
None,"Hu, Dongwen"
None,"Yao, Lijia"
None,"Wang, Lulu"
None,"Xia, Lei"
None,"Zou, Tong"
朱静,"Zhu, Jing"
何俊杰,"He, Junjie"
None,"Ma, Zhi-Lei"
None,"Shimabukuro, Hayato"
李昌鸿,"Li, Changhong"
None,"Wang, H-F"
None,"Chen, B-Q"
石洵,"Shi, Xun"
方军,"Fang, Jun"
方军,"Fang, Jun"
陈丙秋,"Chen, Bingqiu"
None,"He, Zizhao"
None,"Liu, Dezi"
None,"Wang, Cheng-Jie"
None,"Wang, Jia-Peng"
None,"Xiao, Qiang"
None,"Zhang, Jiawei"
None,"Wang, Haiyang"
None,"Liu, Wei-Liang"
None,"Teng, Lin-Lin"
None,"Chen, Yong-Hong"
None,"Li, Yi-Ming"
None,"Shi, Qiang-Qiang"
None,"Li, Hong-Tao"
None,"Wang, Di"
None,"Zhou, Lutan"
None,"Fan, Wen-Wen"
None,"Wu, Shipeng"
段兴武,"Duan, Xingwu"
付登高,"Fu, Denggao"
None,"Bi, Xu-Dan"
None,"Mooni, Siva Prasad"
None,"Shi, Yonggang"
None,"Hong, Ping"
None,"Wang, Zidong"
None,"Hong, Ping"
None,"Lu, Qiuxiang"
None,"Yan, Jinyuan"
None,"Gui, Shu"
None,"Liu, Hang-Yu"
None,"Zhang, Jinye"
None,"Zhao, Yanping"
李永昆,"Li, Yongkun"
彭智利,"Peng, Zhili"
None,"Lu, Qingjie"
None,"Lu, Yaowei"
None,"Xie, Congjia"
None,"Lu, Qiuxiang"
None,"Li, Xin-Ai"
None,"Zhao, Haiwei"
None,"Chen, Youping"
None,"Bai, Jinyue"
None,"Jia, Yue"
None,"Rong, Yao"
赵飞,"Zhao, Fei"
None,"Qi, Miaomiao"
None,"Wu, Kunpeng"
None,"Wei, Li"
None,"Wen, Qiu-Lin"
None,"Bai, Na"
None,"Huang, Wei-Ping"
孙涛,"Sun, Tao"
None,"Saravanan, Ponnusamy"
None,"Cai, Zhongyin"
None,"Jia, Menghan"
None,"Zhang, Sifeng"
None,"Lang, Xun"
None,"Long, Yanju"
None,"Rong, Q"
None,"Cheng, Guowei"
None,"Qin, Tao"
郭晓荣,"Guo, Xiaorong"
None,"Kuang, Weimin"
None,"Zhang, Jiemei"
None,"Zhang, G P"
None,"Ma, Xi-Yao"
None,"Zhang, Zhe"
孙艳波,"Sun, Yan-Bo"
None,"Chen, Hongyu"
None,"Che, Yi"
朱静,"Zhu, Jing"
None,"Qian, Yinjie"
None,"Chen, Dianyu"
None,"Zhang, Tianwei"
None,"Wang, Yaomin"
None,"Xue, Zhe"
None,"Wang, Lilian"
None,"Li, Yansheng"
林英,"Lin, Ying"
None,"Wang, Jun-Fei"
None,"Yang, Yin-He"
杨靖华,"Yang, Jing-Hua"
None,"Wang, Yuna"
None,"Shen, Tao"
None,"Dai, Ze-Bao"
None,"Wang, Bang-Yan"
None,"Chen, Mi"
None,"Luo, Dan"
None,"de Fabregues, Claire Peyre"
None,"Tan, Shirui"
None,"Zha, Jinlin"
None,"Gui, Shu"
None,"Yuan, Hai-Lian"
None,"Cunningham, A B"
None,"Wang, Zhao-Jie"
赵云丽,"Zhao, Yun-Li"
None,"Feng, Shubo"
None,"Zi, Quan-Xing"
None,"Liu, Zhengfen"
None,"Xu, Yuan"
None,"Zhao, Yinjiao"
金承胜,"Jin, Chengsheng"
金承胜,"Jin, Chengsheng"
罗贤,"Luo, Xian"
何俊杰,"He, Junjie"
None,"Li, De-Bao"
黄江成,"Huang, Jiangcheng"
None,"Cheng, Fang"
None,"Lu, Zhixiang"
None,"Tang, Ruofeng"
None,"Yu, Man"
None,"Yang, Ziheng"
None,"Su, Wan"
None,"Gao, Ying"
None,"Tian, Yongxiao"
骆霞,"Luo, Xia"
None,"Gao, Wei"
宁致远,"Ning, Zhiyuan"
None,"Xiang, Hongyong"
钱昱,"Qian, Yu"
None,"Yin, Hang"
None,"Mao, Yongyun"
None,"Liu, Danfeng"
骆霞,"Luo, Xia"
徐润冰,"Xu, Runbing"
None,"Feng, Jiao"
None,"Zhao, Yincheng"
None,"Geng, Wei-hang"
None,"Bao, Rui-Dan"
闫智英,"Yan, Zhiying"
None,"Liu, Qi"
None,"Tian, Mengqing"
None,"Pu, Zheng-Fen"
None,"Li, Xing-Juan"
付文祥,"Fu, Wenxiang"
None,"Li, Sijin"
徐涛,"Xu, Tao"
None,"Zhang, Lun"
赵靖川,"Zhao, Jingchuan"
周见文,"Zhou, Jianwen"
王钦,"Wang, Qin"
None,"Pu, De-Bing"
None,"Shi, Li-Jiao"
张兴杰,"Zhang, Xing-Jie"
付登高,"Fu, Denggao"
付登高,"Fu, Denggao"
唐年胜,"Tang, Niansheng"
None,"Li, Xiaoxiao"
金鑫,"Jin, Xin"
刘铮,"Liu, Zheng"
None,"Wang, Ya-Ting"
None,"Zhang, Yan-Lin"
张旭,"Zhang, Xu"
None,"Wang, Zhezhe"
None,"Luo, Landi"
None,"Fu, Haoyi"
何小虎,"He, Xiaohu"
None,"Shen, Qingqing"
None,"Zhang, Xue"
None,"Zhang, Qi"
None,"Fan, Xu-Li"
王津,"Wang, Jin"
None,"Liu, Qian-Qian"
None,"Li, Hui"
None,"Li, Hui"
None,"Liu, Yanyu"
None,"Pan, Jing"
None,"Liao, Ming-Hong"
None,"Wang, Mei-Xin"
None,"Sajjad, Muhammad"
None,"Wang, Huapeng"
None,"Zhang, Dongming"
None,"Rong, Qian"
王茺,"Wang, Chong"
None,"Sun, Guotao"
None,"Deng, Yinan"
张亚辉,"Zhang, Ya-Hui"
None,"Asif, Sana Ullah"
None,"Man, Jia-Xiu"
None,"Li, Jinyuan"
None,"Xing, Xiqian"
郁湧,"Yu, Yong"
廖菊够,"Liao, Jugou"
徐彦,"Xu, Yan"
None,"Sun, Yan"
None,"Wang, Zhi-Qiang"
江楠,"Jiang, Nan"
None,"Gao, Tianyu"
王顺芳,"Wang, Shunfang"
None,"Wang, Hao"
None,"Duan, Zhongzhao"
None,"Li, Yi"
张旭东,"Zhang, Xudong"
None,"Li, Huiyong"
None,"He, Ying-Jie"
None,"Tang, Cindy Q"
None,"Zhao, Zhang"
None,"Li, Yizhou"
None,"Zheng, Zemin"
None,"Tian, Huiquan"
None,"Wen, Qiu-Lin"
None,"Liu, Chao"
None,"Yin, Hua"
None,"Li, Yuhong"
None,"Li, Qipeng"
None,"Liu, Biaobiao"
None,"Guo, Lin"
None,"Yu, Xiaojuan"
None,"Sajjad, Muhammad"
None,"Gu, Zhenkui"
王俊,"Wang, Jun"
None,"Shao, Min"
None,"Hu, Ming"
None,"Xia, Yuan-Ling"
None,"Mei, Ruifeng"
None,"Yang, C-Y"
None,"Xie, Fuming"
冯卓,"Feng, Zhuo"
None,"Liu, Feng"
None,"Ma, Yuxin"
None,"Qin, Jiali"
None,"Li, Li"
None,"Sun, Guotao"
None,"Hu, Jicu"
None,"Zhang, Xiao-mei"
None,"Yang, Junyu"
杨玲玲,"Yang, Ling-Ling"
None,"Getachew, Melaku"
None,"Ding, Zhaisheng"
None,"Ruan, Xiaoli"
None,"Su, Yuhan"
None,"Cao, Dongyi"
何俊,"He, Jun"
None,"Wang, Zanxin"
None,"Wang, Bin"
李纯,"Li, Chun"
李纯,"Li, Chun"
None,"Kong, Quan"
None,"Chen, Qing-Yuan"
None,"Tang, Cindy Q"
何小虎,"He, Xiaohu"
None,"He, Ying-Jie"
None,"Wang, Zongshan"
None,"Yang, Fengli"
None,"Meng, Xiaofang"
None,"Wu, Ruoxue"
None,"Yang, Fengli"
None,"Li, Qipeng"
None,"Mei, Rui-Feng"
None,"Li, Yong"
None,"Li, Hong-Tao"
None,"Hu, Yi-Lin"
杨云,"Yang, Yun"
车荣晓,"Che, Rongxiao"
None,"Wang, Simin"
None,"Li, Xiaoqin"
None,"Shahzad, Farrukh"
None,"Zhao, Na"
刘宇,"Liu, Yu"
None,"Howard, Richard J"
None,"Wang, Zanxin"
None,"Yang, Hongying"
李艳玲,"Li, Yanling"
张俊,"Zhang, Jun"
None,"Chen, Lin"
None,"Yang, Yuqin"
None,"Pan, Xiao-Xia"
None,"Mao, Yongsen"
明梅,"Ming, Mei"
申时立,"Shen, Shili"
None,"Zhang, Jinxiu"
None,"Rehman, M"
刘宏,"Liu, Hong"
None,"Yang, Wanqiu"
None,"Duan, X"
None,"Ashraf, Umar"
None,"Zhang, Zejin"
None,"Li, Cheng-Peng"
None,"Gruenwald, Richard"
None,"Wang, Shengnan"
朗杨,"Lang, Yang"
黄江成,"Huang, Jiangcheng"
None,"Yang, Zaizhi"
None,"Gu, Zhijia"
荣丽,"Rong, Li"
None,"Wang, Lulu"
None,"Li, Chaoqian"
None,"Liu, Chunxiang"
唐琳,"Tang, Lin"
陈涛,"Chen, Tao"
陈涛,"Chen, Tao"
None,"Li, Zhien"
None,"Ma, Chun-Li"
None,"Zheng, Hua"
乔敏,"Qiao, Min"
None,"Dong, Tianqi"
None,"Wang, Peijia"
任晓霞,"Ren, Xiaoxia"
None,"Tu, Chengyi"
None,"Luo, Min"
None,"Gu, Zhenkui"
孙兴平,"Sun, Xingping"
None,"Zhang, Dong-Ru"
李春青,"Li, Chunqing"
None,"Fang, Kai"
胡劭骥,"Hu, Shao-Ji"
耿宇鹏,"Geng, Yupeng"
None,"Shen, Shiping"
王选策,"Wang, Xuan-Ce"
None,"Fei, Zai-Yi"
None,"Li, Hong-Tao"
None,"Xia, Fan"
None,"Duan, Rong-Ting"
None,"Xie, Tian-Zhen"
李青,"Li, Qing"
None,"Yi, Xin"
None,"Shu, Hui"
夏既胜,"Xia, Jisheng"
None,"Li, Shuxiang"
None,"Sun, Cheng-Tong"
None,"Hu, Qian-Yi"
None,"Cai, Xue-Yun"
None,"Wang, Junfei"
郑喜印,"Zheng, Xi Yin"
陈涛,"Chen, Tao"
None,"Wang, Yao"
莫启,"Mo, Qi"
None,"Shu, Hui"
None,"Duan, Liang"
None,"Zhang, Jie"
李永昆,"Li, Yongkun"
None,"Shen, Shiping"
李永昆,"Li, Yongkun"
None,"Gao, Wei"
None,"Zhang, Hui-Hong"
王文玲,"Wang, Wen-Ling"
None,"Xu, Zhen-Bang"
张晓楠,"Zhang, Xiaonan"
None,"Lu, Xu"
None,"Xu, Xinggui"
None,"Zheng, Hua"
None,"Zheng, Hua"
张颖,"Zhang, Ying"
王敏,"Wang, Min"
杨玲玲,"Yang, Ling-Ling"
None,"Zhou, Xing-Kui"
None,"Zhou, Xing-Kui"
None,"Chen, Xiu"
None,"Cha, Qi-Yan"
李沁元,"Li, Qinyuan"
None,"Zhao, Yi-Ting"
None,"Li, Gui-Ding"
None,"Zhang, Kun"
None,"Pan, Yue"
None,"Jiang, Long-Qian"
李沁元,"Li, Qinyuan"
None,"Zhou, Xing-Kui"
陶捐,"Tao, Juan"
None,"Sun, Jingxian"
None,"Deng, Li"
None,"Chen, Wei-Di"
None,"Zhang, Xiqing"
None,"Zhang, Xiqing"
None,"Zhang, Xue"
陈峰,"Chen, Feng"
None,"Zhang, Binbin"
张德海,"Zhang, Dehai"
None,"Ashraf, Umar"
张晓楠,"Zhang, Xiaonan"
None,"Hu, Yuwei"
None,"Grunwald, Richard"
None,"Li, Wen-Zhong"
None,"Wang, Zhenyu"
何小虎,"He, Xiaohu"
李良,"Li, Liang"
None,"Li, Shaojie"
李波,"Li, Bo"
夏菁,"Xia, Jing"
None,"Chen, Tingting"
李波,"Li, Bo"
None,"Wu, Xiaoni"
陈曦,"Chen, Xi"
None,"Wu, Min"
唐珉,"Tang, Min"
None,"Jiang, Longqian"
None,"Yang, Li"
None,"Zhu, Wen-Yong"
None,"Yang, Chengfu"
None,"Li, Q N"
杜鲁春,"Du, Luchun"
None,"Peng, Jun-Chu"
赵飞,"Zhao, Fei"
王炜,"Wang, Wei"
孙兴平,"Sun, Xingping"
None,"Su, Tong"
陈丹,"Chen, Dan"
None,"Wen, Haoren"
李薇,"Li, Wei"
罗贤,"Luo, Xian"
张立芸,"Zhang, Liyun"
何臻力,"He, Zhenli"
None,"Yang, Bing"
周杰,"Zhou, Jie"
李永昆,"Li, Yongkun"
None,"Jia, Chaowei"
None,"Xie, Zhipeng"
None,"Fang, Wenzhong"
None,"Wang, Huiya"
None,"Feng, Yuanfei"
刘萍,"Liu, Ping"
None,"Wen, Qiu-Lin"
王炜,"Wang, Wei"
None,"Shu, Yan"
刘宇,"Liu, Yu"
None,"Saravanan, Ponnusamy"
杨杰,"Yang, Jie"
刘宇,"Liu, Yu"
None,"Chen, Jing-Chao"
None,"Sun, Jian-Hong"
张俊,"Zhang, Jun"
None,"Jamil, Arslan"
None,"Luo, Kaixiu"
None,"Zhao, Yu Qiang"
None,"Wei, Xin"
None,"Saravanan, Ponnusamy"
None,"Paudel, Babu Ram"
None,Yang Xiao-Yu
None,"Wu, Xue-Wen"
None,"Xiong, Lei"
None,"Huang, Shanshan"
None,"Zhang, Liu"
None,"Wu, Liwen"
周恩民,"Zhou, En-Min"
赵普映,"Zhao, Puying"
None,"Li, Rong"
None,"Liu, Yanyu"
None,"Zhang, Yunqi"
None,"Guo, Xiaopeng"
None,"Hu, Chunhai"
朱江醒,"Zhu, Jiangxing"
None,"Liu, Ming-Yang"
None,"Hu, Changhua"
刘彦雄,"Liu, Yanxiong"
None,"Wang, Fang"
李永昆,"Li, Yongkun"
None,"Zhang, Fangning"
None,"Zeng, Hongxia"
廖菊够,"Liao, Jugou"
None,"Feng, Yu-Zhou"
None,"Hu, Jia-Yun"
None,"Hao, Bao-Qiao"
孙兴平,"Sun, Xingping"
王超,"Wang, Chao"
None,"Zhou, Xin"
None,"Yan, Y L"
None,"Huang, G D"
None,"Shi, Hong-Di"
None,"Rehman, Muzammal"
None,"Jiang, Fen"
张晋,"Zhang, Jin"
None,"Luo, Shaolei"
None,"Cheng, Weili"
None,"Yang, Junyu"
None,"Jiang, Long-Qian"
None,"Liu, Chuansheng"
None,"Zuo, Sha-Sha"
李光泉,"Li, Guangquan"
李光泉,"Li, Guangquan"
廖焕宇,"Liao, Huan-Yu"
None,"Yang, Guiying"
None,"Sun, Xu-Dong"
None,"Shao, Lili"
None,"Hu, Zonghua"
None,"Sun, Weixiao"
None,"Sajjad, Muhammad"
None,"Lu, Yaowei"
王文波,"Wang, Wenbo"
None,Pu Jun-wei
None,"Gu, Zhen-kui"
None,Qi Miao-miao
王俊,"Wang, Jun"
None,"Chen, Hong"
李永昆,"Li, Yongkun"
None,"Liu, Yanyu"
None,"Hu, Zonghua"
None,"Liang, Sixin"
张璇,"Zhang, Xuan"
None,"Zhu, Mengtao"
杨显峰,"Yang, Xianfeng"
None,"Chen, Yanyan"
郭芸,"Guo, Yun"
何小元,"He, Xiao-Yuan"
None,"Hu, Mingxuan"
None,"Dai, Bingfei"
None,"Zou, Yafei"
None,"Wang, Yao"
None,"Dai, Guanghui"
杨汉春,"Yang, Hanchun"
None,"Sun, Yinzheng"
宁致远,"Ning, Zhiyuan"
廖菊够,"Liao, Jugou"
唐年胜,"Tang, Niansheng"
夏珂,"Xia, Ke"
孙涛,Sun Tao
程郢,"Cheng, Ying"
明梅,"Ming, Mei"
高博,"Gao, Bo"
施伟,"Shi, Wei"
None,"Jing, Yuebo"
杨子江,"Yang, Zijiang"
None,"Hao, Jia"
周见文,"Zhou, Jianwen"
关莉,"Guan, Li"
李建平,"Li, Jianping"
None,"Gong, Ji-tong"
None,"Li, Chaoqian"
汪健,"Wang, Jian"
None,"Chen, Yong"
None,"Peiyu, He"
None,"Li, Xiaoxia"
None,"Xie, Jinhan"
None,"Yi, Fengting"
None,"Huang, Jun-Ran"
鲁进,"Lu, Jin"
徐坚,"Xu, Jian"
黎鹏,"Li, Peng"
None,"Xie, Tian-Zhen"
None,"Wang, Meixin"
None,"Song, Menglong"
None,"Liu, Zhengfen"
None,"Wei, Xuemei"
None,"Wang, Weilu"
郑喜印,"Zheng, Xi Yin"
None,"Wang, Kun"
None,"Han, Suya"
None,"Zhang, Sifeng"
None,"Ni, Zitao"
None,"Li, Chaoqian"
None,"Li, Shiwei"
曹彬涛,"Cao, Bintao"
None,"Jiao, Run-Jie"
丁洪伟,"Ding, Hongwei"
None,"Han, Mengting"
None,"Guan, Yabin"
None,"O'Flynn, Robert J"
None,"Wei, Li"
None,"Zhang, Zhen"
潘蓉,"Pan, Rong"
程红军,"Cheng, Hongjun"
王文波,"Wang, Wenbo"
None,"Zi, Hai"
None,"Tang, Ju"
None,"Zhou, Yan"
向飞,"Xiang, Fei"
None,"Yan, Jing-Wen"
李向华,"Li, Xiang-Hua"
None,"Huang, M"
王超,"Wang, Chao"
王超,Wang Chao
None,"Zhang, Tianwei"
None,"Huo, Nina"
None,"Fan, Z"
None,"Zhao, Jun"
钱文华,"Qian, Wenhua"
康雁,"Kang, Yan"
None,"Pan, Xiao-Xia"
王超,"Wang, Chao"
李光泉,"Li, Guangquan"
None,"Yue, Yingying"
王文波,"Wang, Wenbo"
张艳青,"Zhang, Yanqing"
赵普映,"Zhao, Puying"
李永昆,"Li, Yongkun"
王磊,"Wang, Lei"
None,"Lia, Huiqiong"
None,"Pan, Yue"
张玉,"Zhang, Yu"
刘进静,"Liu, Jinjing"
None,"Lichen, Junran"
何云玲,"He, Yunling"
None,"Yu, Yi-Yang"
None,"Yang, Feng"
None,"Liu, Xiao-Lan"
None,"Wang, Hui"
None,"Ye, Zi-Yu"
None,"Wu, Han"
吴学尉,"Wu, Xuewei"
None,"Lu, Chao-Fen"
None,"Li, Shiwei"
王文波,"Wang, Wenbo"
周见文,"Zhou, Jianwen"
赵普映,"Zhao, Puying"
None,"Yan, Ruyu"
None,"Zhang, Hui-Hong"
None,"Fu, Xufeng"
None,"Yang, Xiao"
朱江醒,"Zhu, Jiangxing"
魏舟,"Wei, Zhou"
周川华,"Zhou, Chuan-Hua"
None,"Tran, Vanha"
黄辉,"Huang, Hui"
None,"Yang, Zhijun"
李春青,"Li, Chunqing"
None,"Jia, Lili"
None,Jia Lili
None,"Li, Zhien"
None,"Audo, Denis"
胡靖扬,"Hu, Jingyang"
None,"Tian, Ye"
None,"Li, Xing"
夏既胜,"Xia, Jisheng"
王文波,"Wang, Wenbo"
None,"Yang, Zhihuang"
李会琼,"Li, Huiqiong"
周建军,"Zhou, Jianjun"
None,"Li, Yaling"
None,"Luo, Yumei"
None,"Li, Xing"
None,Kang GuoFa
None,Li Mu
王文波,"Wang, Wenbo"
刘亚君,"Liu, Yajun"
李光泉,"Li, Guangquan"
None,Hu Bao-Jing
None,Hu Bao-Jing
None,"Zheng, Qiao-Mei"
杨靖华,"Yang, Jing-Hua"
None,"Xiao, Lei"
王磊,"Wang, Lei"
None,"Chen, L"
None,"Audo, Denis"
李永昆,"Li, Yongkun"
None,"Duan, Kuang"
None,"Liu, Yanfang"
None,"Luo, Wei"
None,"Liang, Ao"
None,"Chong, Qingqing"
None,"Zou, Xia"
None,"Zhao, Feiya"
None,"Wang, Si-Qi"
None,"Tang, Dexiang"
None,"Wang, Yao"
None,"Tian, Jian-Juan"
None,"Liu, Zhen-Dian"
None,"Liu, Yanfang"
None,"Jiang, Liqiong"
None,"Cui, Wei-Hua"
None,"Zhu, Ling"
None,"Wang, Qiu-Ping"
None,"Tang, Rong"
None,"Tan, Shirui"
